,0
0,JHU-005986
1,JHU-005952
2,JHU-001913
3,JHU-005883
4,JHU-000558
5,JHU-001855
6,JHU-000569
7,JHU-007513
8,JHU-000619
9,JHU-000602
10,JHU-000572
11,JHU-000560
12,JHU-000596
13,JHU-005894
14,JHU-007501
15,JHU-000557
16,JHU-007516
17,JHU-000620
18,JHU-000621
19,JHU-001852
20,JHU-000575
21,JHU-001870
22,JHU-005979
23,JHU-007511
24,JHU-000585
25,JHU-005980
26,JHU-000589
27,JHU-001853
28,JHU-000541
29,JHU-000593
30,JHU-005851
31,JHU-001849
32,JHU-001866
33,JHU-005896
34,JHU-000579
35,JHU-000577
36,JHU-005854
37,JHU-000534
38,JHU-000666
39,JHU-000562
40,JHU-001857
41,JHU-000587
42,JHU-005981
43,JHU-000561
44,JHU-000550
45,JHU-000544
46,JHU-000568
47,JHU-005994
48,JHU-001861
49,JHU-000547
50,JHU-001846
51,JHU-000542
52,JHU-000594
53,JHU-001863
54,JHU-000659
55,JHU-000570
56,JHU-000564
57,JHU-001869
58,JHU-005975
59,JHU-005987
60,JHU-000578
61,JHU-000609
62,JHU-005844
63,JHU-005967
64,JHU-000533
65,JHU-005915
66,JHU-000576
67,JHU-000583
68,JHU-000617
69,JHU-007515
70,JHU-000592
71,JHU-000553
72,JHU-000554
73,JHU-005897
74,JHU-000571
75,JHU-001847
76,JHU-005898
77,JHU-000601
78,JHU-000624
79,JHU-007517
80,JHU-005817
81,JHU-001856
82,JHU-000574
83,JHU-005818
84,JHU-000623
85,JHU-000581
86,JHU-000626
87,JHU-005973
88,JHU-005978
89,JHU-000546
90,JHU-000597
91,JHU-005982
92,JHU-005961
93,JHU-000539
94,JHU-005989
95,JHU-000590
96,JHU-001844
97,JHU-000545
98,JHU-005895
99,JHU-000614
100,JHU-005834
101,JHU-005830
102,JHU-005977
103,JHU-000566
104,JHU-005956
105,JHU-000580
106,JHU-000608
107,JHU-005853
108,JHU-005974
109,JHU-000586
110,JHU-000591
111,JHU-000563
112,JHU-005850
113,JHU-000606
114,JHU-000548
115,JHU-000582
116,JHU-005816
117,JHU-000556
118,JHU-005966
119,JHU-000604
120,JHU-005959
121,JHU-000618
122,JHU-000559
123,JHU-005983
124,JHU-000543
125,JHU-000616
126,JHU-005773
127,JHU-005991
128,JHU-005832
129,JHU-000627
130,JHU-005972
131,JHU-001848
132,JHU-005988
133,JHU-000599
134,JHU-000537
135,JHU-000656
136,JHU-005962
137,JHU-001860
138,JHU-000613
139,JHU-000607
140,JHU-000573
141,JHU-000595
142,JHU-007500
143,JHU-000552
144,JHU-005884
145,JHU-000567
146,JHU-001850
147,JHU-005985
148,JHU-005996
149,JHU-005847
150,JHU-001868
151,JHU-001862
152,JHU-000598
153,JHU-001858
154,JHU-005899
155,JHU-001864
156,JHU-001916
157,JHU-005891
158,JHU-007512
159,JHU-007497
160,JHU-005990
161,JHU-007498
162,JHU-001865
163,JHU-000540
164,JHU-000610
165,JHU-005848
166,JHU-000555
167,JHU-005831
168,JHU-000605
169,JHU-000612
170,JHU-001845
171,JHU-000615
172,JHU-000657
173,JHU-001917
174,JHU-000538
175,JHU-005882
176,JHU-000600
177,JHU-000584
178,JHU-000535
179,JHU-007499
180,JHU-001859
181,JHU-000603
182,JHU-000611
183,JHU-000622
184,JHU-005916
185,JHU-001851
186,JHU-001854
187,JHU-007514
188,JHU-005849
189,JHU-000588
190,JHU-000565
191,JHU-000549
192,JHU-001915
193,JHU-000551
194,JHU-007496
195,JHU-001867
196,JHU-000536
197,JHU-001914
198,JHU-000625
199,JHU-000396
200,JHU-000404
201,JHU-001430
202,JHU-001441
203,JHU-001293
204,JHU-001485
205,JHU-001077
206,JHU-000347
207,JHU-000400
208,JHU-001119
209,JHU-000266
210,JHU-001146
211,JHU-001089
212,JHU-000307
213,JHU-000262
214,JHU-000291
215,JHU-000248
216,JHU-000277
217,JHU-001399
218,JHU-001449
219,JHU-001060
220,JHU-000391
221,JHU-001436
222,JHU-000370
223,JHU-000245
224,JHU-000265
225,JHU-001160
226,JHU-001541
227,JHU-001036
228,JHU-000369
229,JHU-001015
230,JHU-001395
231,JHU-000398
232,JHU-000408
233,JHU-000368
234,JHU-001512
235,JHU-000505
236,JHU-000393
237,JHU-000278
238,JHU-001413
239,JHU-001431
240,JHU-000392
241,JHU-000246
242,JHU-000253
243,JHU-001516
244,JHU-000270
245,JHU-000520
246,JHU-001046
247,JHU-000406
248,JHU-000251
249,JHU-001483
250,JHU-001411
251,JHU-000254
252,JHU-000389
253,JHU-001456
254,JHU-000216
255,JHU-000394
256,JHU-001526
257,JHU-000401
258,JHU-001473
259,JHU-000175
260,JHU-000250
261,JHU-000380
262,JHU-000214
263,JHU-001230
264,JHU-001233
265,JHU-001183
266,JHU-000321
267,JHU-001029
268,JHU-001424
269,JHU-001076
270,JHU-000311
271,JHU-001397
272,JHU-000397
273,JHU-001059
274,JHU-001386
275,JHU-000213
276,JHU-001260
277,JHU-000322
278,JHU-001320
279,JHU-001560
280,JHU-000174
281,JHU-001184
282,JHU-000324
283,JHU-001188
284,JHU-000249
285,JHU-000373
286,JHU-000292
287,JHU-000312
288,JHU-000409
289,JHU-000407
290,JHU-000402
291,JHU-001249
292,JHU-000504
293,JHU-000215
294,JHU-001310
295,JHU-000331
296,JHU-001553
297,JHU-001535
298,JHU-000403
299,JHU-001392
300,JHU-000305
301,JHU-000506
302,JHU-001510
303,JHU-001398
304,JHU-001178
305,JHU-001487
306,JHU-001194
307,JHU-000338
308,JHU-000257
309,JHU-001061
310,JHU-001533
311,JHU-001231
312,JHU-000261
313,JHU-000236
314,JHU-001407
315,JHU-001433
316,JHU-001491
317,JHU-001552
318,JHU-001214
319,JHU-001546
320,JHU-001187
321,JHU-001091
322,JHU-000244
323,JHU-001108
324,JHU-000399
325,JHU-000247
326,JHU-000243
327,JHU-001308
328,JHU-000410
329,JHU-000382
330,JHU-000381
331,JHU-001414
332,JHU-001427
333,JHU-001420
334,JHU-001242
335,JHU-000323
336,JHU-000390
337,JHU-001154
338,JHU-001412
339,JHU-001406
340,JHU-000252
341,JHU-000320
342,JHU-001050
343,JHU-001263
344,JHU-000306
345,JHU-000269
346,JHU-000231
347,JHU-000519
348,JHU-002487
349,JHU-002483
350,JHU-002466
351,JHU-002465
352,JHU-001492
353,JHU-000507
354,JHU-000211
355,JHU-002485
356,JHU-002488
357,JHU-000210
358,JHU-002484
359,JHU-002486
360,JHU-000518
361,JHU-001227
362,JHU-002464
363,JHU-005271
364,JHU-007596
365,JHU-007613
366,JHU-007611
367,JHU-005353
368,JHU-007591
369,JHU-007593
370,JHU-007595
371,JHU-007604
372,JHU-007602
373,JHU-007610
374,JHU-001348
375,JHU-005273
376,JHU-007612
377,JHU-005351
378,JHU-007606
379,JHU-007590
380,JHU-005272
381,JHU-007599
382,JHU-007594
383,JHU-007607
384,JHU-005352
385,JHU-007601
386,JHU-007597
387,JHU-007605
388,JHU-007608
389,JHU-007598
390,JHU-007603
391,JHU-005270
392,JHU-007609
393,JHU-007592
394,JHU-005354
395,JHU-007614
396,JHU-007600
397,JHU-005331
398,JHU-005332
399,JHU-000354
400,JHU-000460
401,JHU-002100
402,JHU-002091
403,JHU-002134
404,JHU-002123
405,JHU-002089
406,JHU-002113
407,JHU-002138
408,JHU-002107
409,JHU-002125
410,JHU-002140
411,JHU-002094
412,JHU-002105
413,JHU-002110
414,JHU-002097
415,JHU-002112
416,JHU-002120
417,JHU-002104
418,JHU-002103
419,JHU-002137
420,JHU-002141
421,JHU-002102
422,JHU-002101
423,JHU-005279
424,JHU-002109
425,JHU-002106
426,JHU-002099
427,JHU-002129
428,JHU-002136
429,JHU-002133
430,JHU-002098
431,JHU-002130
432,JHU-002096
433,JHU-002128
434,JHU-002124
435,JHU-002135
436,JHU-002139
437,JHU-002092
438,JHU-002122
439,JHU-005276
440,JHU-002108
441,JHU-002127
442,JHU-005277
443,JHU-001991
444,JHU-002090
445,JHU-001990
446,JHU-002126
447,JHU-002114
448,JHU-002111
449,JHU-002132
450,JHU-001989
451,JHU-002131
452,JHU-002093
453,JHU-002095
454,JHU-002121
455,JHU-005278
456,JHU-001390
457,JHU-005318
458,JHU-005334
459,JHU-005333
460,JHU-005312
461,JHU-005315
462,JHU-005313
463,JHU-005335
464,JHU-005336
465,JHU-005339
466,JHU-005316
467,JHU-005314
468,JHU-005317
469,JHU-005341
470,JHU-005337
471,JHU-005340
472,JHU-005338
473,JHU-001176
474,JHU-001494
475,JHU-001437
476,JHU-001020
477,JHU-002504
478,JHU-002499
479,JHU-002489
480,JHU-002496
481,JHU-002498
482,JHU-002494
483,JHU-002503
484,JHU-002502
485,JHU-002480
486,JHU-002479
487,JHU-002495
488,JHU-002500
489,JHU-002493
490,JHU-002490
491,JHU-002492
492,JHU-002491
493,JHU-002505
494,JHU-002497
495,JHU-002501
496,JHU-002478
497,JHU-002482
498,JHU-000649
499,JHU-007380
500,JHU-001067
501,JHU-007256
502,JHU-007267
503,JHU-001486
504,JHU-007341
505,JHU-007336
506,JHU-007354
507,JHU-007300
508,JHU-007366
509,JHU-000646
510,JHU-007400
511,JHU-007338
512,JHU-007407
513,JHU-007324
514,JHU-007282
515,JHU-007339
516,JHU-007404
517,JHU-007284
518,JHU-007390
519,JHU-000642
520,JHU-001489
521,JHU-007293
522,JHU-007383
523,JHU-007371
524,JHU-007449
525,JHU-007313
526,JHU-007364
527,JHU-000648
528,JHU-007329
529,JHU-007436
530,JHU-001377
531,JHU-007310
532,JHU-007387
533,JHU-007352
534,JHU-007455
535,JHU-007315
536,JHU-007273
537,JHU-007360
538,JHU-007257
539,JHU-007246
540,JHU-007328
541,JHU-001530
542,JHU-007402
543,JHU-007459
544,JHU-007392
545,JHU-007439
546,JHU-007320
547,JHU-007278
548,JHU-007456
549,JHU-007447
550,JHU-007249
551,JHU-007413
552,JHU-007457
553,JHU-007268
554,JHU-007334
555,JHU-007289
556,JHU-001490
557,JHU-007370
558,JHU-000644
559,JHU-007414
560,JHU-007401
561,JHU-007441
562,JHU-007280
563,JHU-001074
564,JHU-007345
565,JHU-007316
566,JHU-007317
567,JHU-007438
568,JHU-007450
569,JHU-001267
570,JHU-007253
571,JHU-007454
572,JHU-007319
573,JHU-007446
574,JHU-007430
575,JHU-007277
576,JHU-007411
577,JHU-001479
578,JHU-001189
579,JHU-007356
580,JHU-007279
581,JHU-007358
582,JHU-007307
583,JHU-007269
584,JHU-007321
585,JHU-007417
586,JHU-007271
587,JHU-007461
588,JHU-007426
589,JHU-007452
590,JHU-007247
591,JHU-007262
592,JHU-007265
593,JHU-007306
594,JHU-007250
595,JHU-001508
596,JHU-001461
597,JHU-007367
598,JHU-007363
599,JHU-007406
600,JHU-007410
601,JHU-007412
602,JHU-007281
603,JHU-007255
604,JHU-007337
605,JHU-007396
606,JHU-001196
607,JHU-007422
608,JHU-007433
609,JHU-007344
610,JHU-007395
611,JHU-007318
612,JHU-007260
613,JHU-007386
614,JHU-000645
615,JHU-007272
616,JHU-007365
617,JHU-001307
618,JHU-007291
619,JHU-007440
620,JHU-007298
621,JHU-007421
622,JHU-007355
623,JHU-007331
624,JHU-007263
625,JHU-007428
626,JHU-007463
627,JHU-007416
628,JHU-007295
629,JHU-007377
630,JHU-007299
631,JHU-001316
632,JHU-007382
633,JHU-007384
634,JHU-007349
635,JHU-007393
636,JHU-007323
637,JHU-007448
638,JHU-007340
639,JHU-007330
640,JHU-007276
641,JHU-007326
642,JHU-001211
643,JHU-007347
644,JHU-007398
645,JHU-007373
646,JHU-007309
647,JHU-007458
648,JHU-001313
649,JHU-007252
650,JHU-007333
651,JHU-007254
652,JHU-007388
653,JHU-007325
654,JHU-007375
655,JHU-007443
656,JHU-007453
657,JHU-007409
658,JHU-007423
659,JHU-007314
660,JHU-007369
661,JHU-007385
662,JHU-007266
663,JHU-007259
664,JHU-007342
665,JHU-007435
666,JHU-007357
667,JHU-007290
668,JHU-007372
669,JHU-007350
670,JHU-007359
671,JHU-007429
672,JHU-007308
673,JHU-001013
674,JHU-007301
675,JHU-007379
676,JHU-001536
677,JHU-007397
678,JHU-007274
679,JHU-007460
680,JHU-007374
681,JHU-007425
682,JHU-007275
683,JHU-007445
684,JHU-007270
685,JHU-007251
686,JHU-007288
687,JHU-007258
688,JHU-007285
689,JHU-007427
690,JHU-007351
691,JHU-007305
692,JHU-001531
693,JHU-007283
694,JHU-001288
695,JHU-007311
696,JHU-007464
697,JHU-007419
698,JHU-007287
699,JHU-007424
700,JHU-007343
701,JHU-007304
702,JHU-007296
703,JHU-007420
704,JHU-007294
705,JHU-007376
706,JHU-007451
707,JHU-007348
708,JHU-007361
709,JHU-007346
710,JHU-001190
711,JHU-007432
712,JHU-007327
713,JHU-007286
714,JHU-007303
715,JHU-001355
716,JHU-001069
717,JHU-007261
718,JHU-007312
719,JHU-007302
720,JHU-007297
721,JHU-001463
722,JHU-007335
723,JHU-007405
724,JHU-007353
725,JHU-007444
726,JHU-007292
727,JHU-007378
728,JHU-007368
729,JHU-007437
730,JHU-007403
731,JHU-007462
732,JHU-007415
733,JHU-007264
734,JHU-007394
735,JHU-007442
736,JHU-007362
737,JHU-007418
738,JHU-007399
739,JHU-007381
740,JHU-007434
741,JHU-007431
742,JHU-000647
743,JHU-007332
744,JHU-007248
745,JHU-007391
746,JHU-007389
747,JHU-007408
748,JHU-000433
749,JHU-007487
750,JHU-007479
751,JHU-007469
752,JHU-007467
753,JHU-007483
754,JHU-007473
755,JHU-007484
756,JHU-007465
757,JHU-007488
758,JHU-007468
759,JHU-007466
760,JHU-007471
761,JHU-005852
762,JHU-007476
763,JHU-007482
764,JHU-007485
765,JHU-005920
766,JHU-007470
767,JHU-007474
768,JHU-007486
769,JHU-007475
770,JHU-007481
771,JHU-007477
772,JHU-007472
773,JHU-007480
774,JHU-002407
775,JHU-002408
776,JHU-002409
777,JHU-005269
778,JHU-005268
779,JHU-002071
780,JHU-002073
781,JHU-002074
782,JHU-002069
783,JHU-002068
784,JHU-002072
785,JHU-002070
786,JHU-005342
787,JHU-005343
788,JHU-002050
789,JHU-002058
790,JHU-002173
791,JHU-002175
792,JHU-000199
793,JHU-002045
794,JHU-002186
795,JHU-002034
796,JHU-002172
797,JHU-002153
798,JHU-002182
799,JHU-000194
800,JHU-002037
801,JHU-002051
802,JHU-002013
803,JHU-002164
804,JHU-002183
805,JHU-000191
806,JHU-002169
807,JHU-002052
808,JHU-002059
809,JHU-002055
810,JHU-002181
811,JHU-002035
812,JHU-002171
813,JHU-000206
814,JHU-002178
815,JHU-002060
816,JHU-002032
817,JHU-002011
818,JHU-000200
819,JHU-002176
820,JHU-002053
821,JHU-002177
822,JHU-002165
823,JHU-002184
824,JHU-000190
825,JHU-002056
826,JHU-002154
827,JHU-002159
828,JHU-002041
829,JHU-002010
830,JHU-002043
831,JHU-002014
832,JHU-001998
833,JHU-001996
834,JHU-001993
835,JHU-000195
836,JHU-002160
837,JHU-001999
838,JHU-002414
839,JHU-002174
840,JHU-002036
841,JHU-002187
842,JHU-001995
843,JHU-002158
844,JHU-002180
845,JHU-001994
846,JHU-002167
847,JHU-002044
848,JHU-002156
849,JHU-001992
850,JHU-002155
851,JHU-002185
852,JHU-000189
853,JHU-002048
854,JHU-002038
855,JHU-002170
856,JHU-002054
857,JHU-002046
858,JHU-002152
859,JHU-002042
860,JHU-002040
861,JHU-000193
862,JHU-002157
863,JHU-002163
864,JHU-002162
865,JHU-002166
866,JHU-002039
867,JHU-002047
868,JHU-001997
869,JHU-002168
870,JHU-002049
871,JHU-002012
872,JHU-000192
873,JHU-002000
874,JHU-002057
875,JHU-002179
876,JHU-002033
877,JHU-002161
878,JHU-002151
879,JHU-005846
880,JHU-001117
881,JHU-000355
882,JHU-000472
883,JHU-000466
884,JHU-000434
885,JHU-000339
886,JHU-000443
887,JHU-000467
888,JHU-000660
889,JHU-000665
890,JHU-000359
891,JHU-000439
892,JHU-000342
893,JHU-000358
894,JHU-000448
895,JHU-000447
896,JHU-000664
897,JHU-000491
898,JHU-000457
899,JHU-000438
900,JHU-000212
901,JHU-000456
902,JHU-000435
903,JHU-000658
904,JHU-000471
905,JHU-000436
906,JHU-000465
907,JHU-000663
908,JHU-000469
909,JHU-000468
910,JHU-000343
911,JHU-000655
912,JHU-000661
913,JHU-000662
914,JHU-000437
915,JHU-000446
916,JHU-000459
917,JHU-000463
918,JHU-000458
919,JHU-000464
920,JHU-001415
921,JHU-001352
922,JHU-001094
923,JHU-001085
924,JHU-001040
925,JHU-001475
926,JHU-001423
927,JHU-000643
928,JHU-001373
929,JHU-001124
930,JHU-001551
931,JHU-001291
932,JHU-001333
933,JHU-001065
934,JHU-000295
935,JHU-001185
936,JHU-001289
937,JHU-001137
938,JHU-001537
939,JHU-005288
940,JHU-001471
941,JHU-001501
942,JHU-005289
943,JHU-005280
944,JHU-001152
945,JHU-005291
946,JHU-001506
947,JHU-005284
948,JHU-005285
949,JHU-005310
950,JHU-005283
951,JHU-005290
952,JHU-005293
953,JHU-005311
954,JHU-001082
955,JHU-001103
956,JHU-005292
957,JHU-001482
958,JHU-005287
959,JHU-001155
960,JHU-001250
961,JHU-005281
962,JHU-005286
963,JHU-001538
964,JHU-001400
965,JHU-001545
966,JHU-005282
967,JHU-001092
968,JHU-001080
969,JHU-000377
970,JHU-001502
971,JHU-007559
972,JHU-001170
973,JHU-001191
974,JHU-007563
975,JHU-001259
976,JHU-001335
977,JHU-001048
978,JHU-007561
979,JHU-007560
980,JHU-000379
981,JHU-001319
982,JHU-001374
983,JHU-001403
984,JHU-001088
985,JHU-001372
986,JHU-007542
987,JHU-001180
988,JHU-001156
989,JHU-000378
990,JHU-001166
991,JHU-001275
992,JHU-001056
993,JHU-001254
994,JHU-007549
995,JHU-001401
996,JHU-001041
997,JHU-007558
998,JHU-001434
999,JHU-007545
1000,JHU-001181
1001,JHU-007552
1002,JHU-001115
1003,JHU-001238
1004,JHU-007555
1005,JHU-007564
1006,JHU-001016
1007,JHU-001296
1008,JHU-001179
1009,JHU-001503
1010,JHU-001380
1011,JHU-007554
1012,JHU-001105
1013,JHU-001408
1014,JHU-001285
1015,JHU-001309
1016,JHU-001557
1017,JHU-001011
1018,JHU-001299
1019,JHU-007541
1020,JHU-007562
1021,JHU-001210
1022,JHU-001330
1023,JHU-001329
1024,JHU-007544
1025,JHU-001389
1026,JHU-001022
1027,JHU-001220
1028,JHU-001417
1029,JHU-007551
1030,JHU-001338
1031,JHU-001405
1032,JHU-007546
1033,JHU-001404
1034,JHU-001428
1035,JHU-001003
1036,JHU-007547
1037,JHU-001558
1038,JHU-001098
1039,JHU-007557
1040,JHU-007550
1041,JHU-007553
1042,JHU-001283
1043,JHU-007543
1044,JHU-001031
1045,JHU-001232
1046,JHU-001247
1047,JHU-007548
1048,JHU-007540
1049,JHU-007556
1050,JHU-004416
1051,JHU-004414
1052,JHU-005619
1053,JHU-004415
1054,JHU-005604
1055,JHU-005560
1056,JHU-005651
1057,JHU-005681
1058,JHU-005682
1059,JHU-005563
1060,JHU-005609
1061,JHU-005603
1062,JHU-005645
1063,JHU-004419
1064,JHU-005622
1065,JHU-005561
1066,JHU-004410
1067,JHU-005586
1068,JHU-005637
1069,JHU-005659
1070,JHU-004413
1071,JHU-004409
1072,JHU-005654
1073,JHU-005630
1074,JHU-004412
1075,JHU-004420
1076,JHU-005634
1077,JHU-000289
1078,JHU-000288
1079,JHU-000300
1080,JHU-001162
1081,JHU-002457
1082,JHU-002205
1083,JHU-000225
1084,JHU-000516
1085,JHU-002459
1086,JHU-000224
1087,JHU-002454
1088,JHU-002455
1089,JHU-001297
1090,JHU-001481
1091,JHU-000223
1092,JHU-000515
1093,JHU-002458
1094,JHU-000428
1095,JHU-002456
1096,JHU-002209
1097,JHU-002208
1098,JHU-002213
1099,JHU-000514
1100,JHU-002214
1101,JHU-002212
1102,JHU-002210
1103,JHU-002188
1104,JHU-000207
1105,JHU-002207
1106,JHU-002206
1107,JHU-002204
1108,JHU-000509
1109,JHU-005263
1110,JHU-002231
1111,JHU-005262
1112,JHU-002230
1113,JHU-002223
1114,JHU-002225
1115,JHU-002216
1116,JHU-002227
1117,JHU-002232
1118,JHU-002222
1119,JHU-002221
1120,JHU-005265
1121,JHU-005264
1122,JHU-002215
1123,JHU-002217
1124,JHU-002218
1125,JHU-002219
1126,JHU-002224
1127,JHU-002228
1128,JHU-002220
1129,JHU-002229
1130,JHU-002226
1131,JHU-000508
1132,JHU-000517
1133,JHU-002383
1134,JHU-002335
1135,JHU-002350
1136,JHU-002321
1137,JHU-002386
1138,JHU-002346
1139,JHU-002330
1140,JHU-002402
1141,JHU-002357
1142,JHU-002311
1143,JHU-002367
1144,JHU-002301
1145,JHU-002318
1146,JHU-002352
1147,JHU-002293
1148,JHU-002364
1149,JHU-002362
1150,JHU-002400
1151,JHU-002344
1152,JHU-002289
1153,JHU-002359
1154,JHU-002372
1155,JHU-002369
1156,JHU-002319
1157,JHU-002351
1158,JHU-002296
1159,JHU-002404
1160,JHU-002401
1161,JHU-002287
1162,JHU-002339
1163,JHU-002297
1164,JHU-002398
1165,JHU-002360
1166,JHU-002349
1167,JHU-002376
1168,JHU-002388
1169,JHU-002393
1170,JHU-002363
1171,JHU-002355
1172,JHU-005267
1173,JHU-002403
1174,JHU-002327
1175,JHU-002294
1176,JHU-002337
1177,JHU-002298
1178,JHU-002309
1179,JHU-002290
1180,JHU-002306
1181,JHU-002370
1182,JHU-002347
1183,JHU-002373
1184,JHU-002302
1185,JHU-002323
1186,JHU-002291
1187,JHU-002292
1188,JHU-002305
1189,JHU-002303
1190,JHU-002300
1191,JHU-002396
1192,JHU-002354
1193,JHU-002392
1194,JHU-002336
1195,JHU-002391
1196,JHU-002384
1197,JHU-002397
1198,JHU-002375
1199,JHU-002308
1200,JHU-002380
1201,JHU-002342
1202,JHU-002371
1203,JHU-002324
1204,JHU-002304
1205,JHU-002368
1206,JHU-002405
1207,JHU-002316
1208,JHU-002332
1209,JHU-002390
1210,JHU-002288
1211,JHU-002333
1212,JHU-002329
1213,JHU-002406
1214,JHU-002377
1215,JHU-002385
1216,JHU-002295
1217,JHU-002356
1218,JHU-002387
1219,JHU-002326
1220,JHU-002338
1221,JHU-002343
1222,JHU-002389
1223,JHU-002331
1224,JHU-002366
1225,JHU-002379
1226,JHU-002395
1227,JHU-002399
1228,JHU-002378
1229,JHU-002315
1230,JHU-002382
1231,JHU-002340
1232,JHU-002322
1233,JHU-002334
1234,JHU-002299
1235,JHU-002394
1236,JHU-002325
1237,JHU-002312
1238,JHU-002345
1239,JHU-002317
1240,JHU-002320
1241,JHU-002365
1242,JHU-002358
1243,JHU-002353
1244,JHU-002328
1245,JHU-002307
1246,JHU-002314
1247,JHU-002361
1248,JHU-002313
1249,JHU-002374
1250,JHU-002348
1251,JHU-002310
1252,JHU-007633
1253,JHU-007671
1254,JHU-007666
1255,JHU-007647
1256,JHU-007634
1257,JHU-007626
1258,JHU-007627
1259,JHU-007660
1260,JHU-007635
1261,JHU-004446
1262,JHU-004430
1263,JHU-007646
1264,JHU-007644
1265,JHU-004172
1266,JHU-007658
1267,JHU-007638
1268,JHU-007659
1269,JHU-007628
1270,JHU-007652
1271,JHU-007656
1272,JHU-007645
1273,JHU-007669
1274,JHU-007637
1275,JHU-007651
1276,JHU-007636
1277,JHU-004482
1278,JHU-007650
1279,JHU-007643
1280,JHU-007642
1281,JHU-007648
1282,JHU-007670
1283,JHU-007657
1284,JHU-007664
1285,JHU-007631
1286,JHU-007639
1287,JHU-007654
1288,JHU-007667
1289,JHU-007629
1290,JHU-007632
1291,JHU-007662
1292,JHU-007665
1293,JHU-007661
1294,JHU-007655
1295,JHU-007663
1296,JHU-007630
1297,JHU-004504
1298,JHU-007653
1299,JHU-007641
1300,JHU-007668
1301,JHU-004513
1302,JHU-007649
1303,JHU-007625
1304,JHU-004424
1305,JHU-007640
1306,JHU-004481
1307,JHU-004151
1308,JHU-004592
1309,JHU-004229
1310,JHU-004421
1311,JHU-004213
1312,JHU-004227
1313,JHU-004244
1314,JHU-004156
1315,JHU-004170
1316,JHU-004245
1317,JHU-004214
1318,JHU-004443
1319,JHU-004239
1320,JHU-004210
1321,JHU-004497
1322,JHU-004480
1323,JHU-004197
1324,JHU-004578
1325,JHU-004489
1326,JHU-004610
1327,JHU-004565
1328,JHU-004218
1329,JHU-004191
1330,JHU-004600
1331,JHU-004451
1332,JHU-004509
1333,JHU-004498
1334,JHU-004433
1335,JHU-004453
1336,JHU-004483
1337,JHU-004494
1338,JHU-004575
1339,JHU-004609
1340,JHU-004173
1341,JHU-004434
1342,JHU-004163
1343,JHU-004519
1344,JHU-004472
1345,JHU-004203
1346,JHU-004595
1347,JHU-004186
1348,JHU-004193
1349,JHU-004175
1350,JHU-004455
1351,JHU-004198
1352,JHU-004608
1353,JHU-004568
1354,JHU-004238
1355,JHU-004579
1356,JHU-004205
1357,JHU-004223
1358,JHU-004199
1359,JHU-004601
1360,JHU-004491
1361,JHU-004429
1362,JHU-004231
1363,JHU-004586
1364,JHU-004171
1365,JHU-004243
1366,JHU-004427
1367,JHU-004478
1368,JHU-004161
1369,JHU-004188
1370,JHU-004220
1371,JHU-004506
1372,JHU-004431
1373,JHU-004572
1374,JHU-004174
1375,JHU-004216
1376,JHU-004593
1377,JHU-004194
1378,JHU-004570
1379,JHU-004242
1380,JHU-004237
1381,JHU-004613
1382,JHU-004599
1383,JHU-004580
1384,JHU-004192
1385,JHU-004209
1386,JHU-004488
1387,JHU-004582
1388,JHU-004499
1389,JHU-004484
1390,JHU-004164
1391,JHU-004155
1392,JHU-004502
1393,JHU-004571
1394,JHU-004240
1395,JHU-004232
1396,JHU-004162
1397,JHU-004495
1398,JHU-004459
1399,JHU-004211
1400,JHU-004583
1401,JHU-004496
1402,JHU-004206
1403,JHU-004224
1404,JHU-004200
1405,JHU-004584
1406,JHU-004441
1407,JHU-004219
1408,JHU-004607
1409,JHU-004569
1410,JHU-004577
1411,JHU-004157
1412,JHU-004181
1413,JHU-004573
1414,JHU-004196
1415,JHU-004187
1416,JHU-004225
1417,JHU-004508
1418,JHU-004185
1419,JHU-004545
1420,JHU-004566
1421,JHU-004233
1422,JHU-004492
1423,JHU-004448
1424,JHU-004167
1425,JHU-004574
1426,JHU-004152
1427,JHU-004166
1428,JHU-004588
1429,JHU-004221
1430,JHU-004511
1431,JHU-004154
1432,JHU-004602
1433,JHU-004452
1434,JHU-004160
1435,JHU-004474
1436,JHU-004178
1437,JHU-004176
1438,JHU-004605
1439,JHU-004234
1440,JHU-004567
1441,JHU-004507
1442,JHU-004184
1443,JHU-004153
1444,JHU-004640
1445,JHU-004493
1446,JHU-004204
1447,JHU-004177
1448,JHU-004426
1449,JHU-004236
1450,JHU-004587
1451,JHU-004471
1452,JHU-004159
1453,JHU-004435
1454,JHU-004195
1455,JHU-004585
1456,JHU-004557
1457,JHU-004510
1458,JHU-004463
1459,JHU-004368
1460,JHU-004581
1461,JHU-004487
1462,JHU-004169
1463,JHU-004207
1464,JHU-004165
1465,JHU-004479
1466,JHU-004241
1467,JHU-004168
1468,JHU-004235
1469,JHU-004432
1470,JHU-004201
1471,JHU-004179
1472,JHU-004202
1473,JHU-004230
1474,JHU-004437
1475,JHU-004467
1476,JHU-004189
1477,JHU-004465
1478,JHU-004222
1479,JHU-004629
1480,JHU-004616
1481,JHU-004370
1482,JHU-004618
1483,JHU-004547
1484,JHU-004325
1485,JHU-004678
1486,JHU-004544
1487,JHU-004538
1488,JHU-004387
1489,JHU-004343
1490,JHU-004591
1491,JHU-004365
1492,JHU-004353
1493,JHU-004549
1494,JHU-004677
1495,JHU-004660
1496,JHU-004356
1497,JHU-004639
1498,JHU-004625
1499,JHU-004320
1500,JHU-004617
1501,JHU-004391
1502,JHU-004386
1503,JHU-004683
1504,JHU-004327
1505,JHU-004536
1506,JHU-004316
1507,JHU-004374
1508,JHU-004532
1509,JHU-004663
1510,JHU-004681
1511,JHU-000774
1512,JHU-004371
1513,JHU-000773
1514,JHU-000776
1515,JHU-004633
1516,JHU-004687
1517,JHU-004560
1518,JHU-004339
1519,JHU-004358
1520,JHU-004354
1521,JHU-000781
1522,JHU-004630
1523,JHU-004364
1524,JHU-004355
1525,JHU-004674
1526,JHU-004340
1527,JHU-004321
1528,JHU-004550
1529,JHU-004334
1530,JHU-004531
1531,JHU-004331
1532,JHU-004344
1533,JHU-004349
1534,JHU-000782
1535,JHU-004348
1536,JHU-004539
1537,JHU-004548
1538,JHU-004688
1539,JHU-004357
1540,JHU-004388
1541,JHU-004333
1542,JHU-004535
1543,JHU-004641
1544,JHU-004373
1545,JHU-004377
1546,JHU-004615
1547,JHU-004620
1548,JHU-004541
1549,JHU-004621
1550,JHU-004686
1551,JHU-004647
1552,JHU-004335
1553,JHU-004336
1554,JHU-004328
1555,JHU-004378
1556,JHU-004540
1557,JHU-004537
1558,JHU-004372
1559,JHU-004542
1560,JHU-004626
1561,JHU-004680
1562,JHU-000784
1563,JHU-000778
1564,JHU-004315
1565,JHU-004330
1566,JHU-004389
1567,JHU-004521
1568,JHU-004590
1569,JHU-004553
1570,JHU-004318
1571,JHU-004392
1572,JHU-004675
1573,JHU-004589
1574,JHU-004361
1575,JHU-004329
1576,JHU-004648
1577,JHU-000792
1578,JHU-004685
1579,JHU-000772
1580,JHU-004612
1581,JHU-004682
1582,JHU-004637
1583,JHU-004527
1584,JHU-000790
1585,JHU-004596
1586,JHU-004375
1587,JHU-004563
1588,JHU-004332
1589,JHU-004518
1590,JHU-004525
1591,JHU-004644
1592,JHU-004346
1593,JHU-004530
1594,JHU-004390
1595,JHU-004359
1596,JHU-004643
1597,JHU-004614
1598,JHU-004326
1599,JHU-004347
1600,JHU-004317
1601,JHU-004552
1602,JHU-004524
1603,JHU-004551
1604,JHU-004323
1605,JHU-004638
1606,JHU-004634
1607,JHU-004606
1608,JHU-004679
1609,JHU-004623
1610,JHU-004381
1611,JHU-004684
1612,JHU-004543
1613,JHU-004534
1614,JHU-004338
1615,JHU-004651
1616,JHU-004673
1617,JHU-004671
1618,JHU-004369
1619,JHU-004522
1620,JHU-004529
1621,JHU-004383
1622,JHU-004662
1623,JHU-004314
1624,JHU-004636
1625,JHU-004523
1626,JHU-004622
1627,JHU-004526
1628,JHU-004657
1629,JHU-004337
1630,JHU-004380
1631,JHU-004362
1632,JHU-004562
1633,JHU-004345
1634,JHU-004603
1635,JHU-004528
1636,JHU-004366
1637,JHU-004350
1638,JHU-004313
1639,JHU-004367
1640,JHU-004656
1641,JHU-004631
1642,JHU-004654
1643,JHU-004658
1644,JHU-004379
1645,JHU-004564
1646,JHU-004382
1647,JHU-000791
1648,JHU-000783
1649,JHU-004670
1650,JHU-004650
1651,JHU-004611
1652,JHU-000788
1653,JHU-000797
1654,JHU-004555
1655,JHU-004635
1656,JHU-004632
1657,JHU-004594
1658,JHU-000785
1659,JHU-000798
1660,JHU-004558
1661,JHU-004384
1662,JHU-004604
1663,JHU-000789
1664,JHU-004559
1665,JHU-000806
1666,JHU-004319
1667,JHU-000799
1668,JHU-004561
1669,JHU-000775
1670,JHU-000779
1671,JHU-000780
1672,JHU-000804
1673,JHU-000796
1674,JHU-004554
1675,JHU-000787
1676,JHU-000801
1677,JHU-004517
1678,JHU-000802
1679,JHU-004520
1680,JHU-000805
1681,JHU-000786
1682,JHU-004546
1683,JHU-000795
1684,JHU-000803
1685,JHU-000800
1686,JHU-004659
1687,JHU-000793
1688,JHU-004385
1689,JHU-004597
1690,JHU-004342
1691,JHU-000794
1692,JHU-004598
1693,JHU-004533
1694,JHU-000777
1695,JHU-005610
1696,JHU-005671
1697,JHU-005665
1698,JHU-005668
1699,JHU-005667
1700,JHU-005638
1701,JHU-004669
1702,JHU-005614
1703,JHU-005589
1704,JHU-002282
1705,JHU-002280
1706,JHU-002286
1707,JHU-002284
1708,JHU-002279
1709,JHU-002278
1710,JHU-002285
1711,JHU-002283
1712,JHU-002277
1713,JHU-002281
1714,JHU-002477
1715,JHU-001200
1716,JHU-002472
1717,JHU-002471
1718,JHU-001035
1719,JHU-001037
1720,JHU-005347
1721,JHU-001331
1722,JHU-001301
1723,JHU-005266
1724,JHU-000302
1725,JHU-001026
1726,JHU-001127
1727,JHU-002475
1728,JHU-002476
1729,JHU-001514
1730,JHU-000432
1731,JHU-001522
1732,JHU-005346
1733,JHU-001216
1734,JHU-001079
1735,JHU-001518
1736,JHU-002473
1737,JHU-001028
1738,JHU-001513
1739,JHU-001032
1740,JHU-001203
1741,JHU-001241
1742,JHU-000287
1743,JHU-002474
1744,JHU-000273
1745,JHU-001450
1746,JHU-001024
1747,JHU-001221
1748,JHU-001511
1749,JHU-002470
1750,JHU-005345
1751,JHU-001168
1752,JHU-000290
1753,JHU-001218
1754,JHU-001072
1755,JHU-001264
1756,JHU-000274
1757,JHU-005344
1758,JHU-001209
1759,JHU-001554
1760,JHU-001493
1761,JHU-000217
1762,JHU-001457
1763,JHU-000221
1764,JHU-001142
1765,JHU-001462
1766,JHU-001505
1767,JHU-001523
1768,JHU-001529
1769,JHU-001382
1770,JHU-000220
1771,JHU-001509
1772,JHU-001497
1773,JHU-001470
1774,JHU-000375
1775,JHU-000218
1776,JHU-001304
1777,JHU-001498
1778,JHU-001070
1779,JHU-001095
1780,JHU-001132
1781,JHU-001555
1782,JHU-001534
1783,JHU-001039
1784,JHU-001469
1785,JHU-001342
1786,JHU-001043
1787,JHU-001474
1788,JHU-000387
1789,JHU-000219
1790,JHU-000374
1791,JHU-001464
1792,JHU-001270
1793,JHU-001528
1794,JHU-001246
1795,JHU-005593
1796,JHU-005600
1797,JHU-004418
1798,JHU-005676
1799,JHU-005677
1800,JHU-005583
1801,JHU-005578
1802,JHU-005569
1803,JHU-005574
1804,JHU-005575
1805,JHU-005567
1806,JHU-005576
1807,JHU-005580
1808,JHU-002196
1809,JHU-005298
1810,JHU-007581
1811,JHU-002202
1812,JHU-002199
1813,JHU-005300
1814,JHU-007582
1815,JHU-007585
1816,JHU-007579
1817,JHU-002191
1818,JHU-005295
1819,JHU-002197
1820,JHU-007575
1821,JHU-007576
1822,JHU-002195
1823,JHU-001257
1824,JHU-001258
1825,JHU-002192
1826,JHU-007578
1827,JHU-007583
1828,JHU-002190
1829,JHU-007589
1830,JHU-005294
1831,JHU-005297
1832,JHU-002201
1833,JHU-002200
1834,JHU-005296
1835,JHU-007584
1836,JHU-007568
1837,JHU-002198
1838,JHU-007572
1839,JHU-007566
1840,JHU-007586
1841,JHU-007569
1842,JHU-002194
1843,JHU-007570
1844,JHU-001547
1845,JHU-007567
1846,JHU-001195
1847,JHU-002193
1848,JHU-007574
1849,JHU-007588
1850,JHU-007571
1851,JHU-000222
1852,JHU-007573
1853,JHU-007565
1854,JHU-005299
1855,JHU-001323
1856,JHU-002203
1857,JHU-007587
1858,JHU-007580
1859,JHU-007577
1860,JHU-007490
1861,JHU-007503
1862,JHU-005843
1863,JHU-005971
1864,JHU-007491
1865,JHU-007492
1866,JHU-007489
1867,JHU-005772
1868,JHU-000360
1869,JHU-000284
1870,JHU-000276
1871,JHU-000282
1872,JHU-000263
1873,JHU-000285
1874,JHU-000286
1875,JHU-000283
1876,JHU-000281
1877,JHU-000260
1878,JHU-000280
1879,JHU-000279
1880,JHU-000501
1881,JHU-000304
1882,JHU-002430
1883,JHU-002432
1884,JHU-001354
1885,JHU-002422
1886,JHU-002415
1887,JHU-001130
1888,JHU-001141
1889,JHU-000267
1890,JHU-002426
1891,JHU-001282
1892,JHU-002442
1893,JHU-002437
1894,JHU-001286
1895,JHU-001219
1896,JHU-002441
1897,JHU-002434
1898,JHU-001208
1899,JHU-000264
1900,JHU-002428
1901,JHU-001224
1902,JHU-000310
1903,JHU-001126
1904,JHU-002423
1905,JHU-000308
1906,JHU-000233
1907,JHU-002431
1908,JHU-000275
1909,JHU-002438
1910,JHU-002448
1911,JHU-000232
1912,JHU-002427
1913,JHU-001122
1914,JHU-000268
1915,JHU-002444
1916,JHU-001394
1917,JHU-002436
1918,JHU-001109
1919,JHU-001255
1920,JHU-000235
1921,JHU-002417
1922,JHU-001047
1923,JHU-002421
1924,JHU-002416
1925,JHU-001251
1926,JHU-002433
1927,JHU-002447
1928,JHU-000303
1929,JHU-001027
1930,JHU-002420
1931,JHU-002450
1932,JHU-000234
1933,JHU-001393
1934,JHU-002446
1935,JHU-001073
1936,JHU-002425
1937,JHU-002440
1938,JHU-001277
1939,JHU-002435
1940,JHU-002445
1941,JHU-002443
1942,JHU-002439
1943,JHU-001266
1944,JHU-001151
1945,JHU-001174
1946,JHU-002424
1947,JHU-002449
1948,JHU-002429
1949,JHU-001440
1950,JHU-001435
1951,JHU-000309
1952,JHU-005881
1953,JHU-000522
1954,JHU-000510
1955,JHU-000513
1956,JHU-000512
1957,JHU-000259
1958,JHU-005918
1959,JHU-000271
1960,JHU-005879
1961,JHU-005880
1962,JHU-005877
1963,JHU-005856
1964,JHU-005919
1965,JHU-005893
1966,JHU-005878
1967,JHU-000511
1968,JHU-005946
1969,JHU-005839
1970,JHU-000166
1971,JHU-000177
1972,JHU-005763
1973,JHU-005708
1974,JHU-007507
1975,JHU-005724
1976,JHU-005757
1977,JHU-001118
1978,JHU-005751
1979,JHU-005810
1980,JHU-000173
1981,JHU-005837
1982,JHU-005970
1983,JHU-000176
1984,JHU-005969
1985,JHU-005876
1986,JHU-000183
1987,JHU-005931
1988,JHU-005890
1989,JHU-000168
1990,JHU-005868
1991,JHU-005825
1992,JHU-000318
1993,JHU-005745
1994,JHU-005812
1995,JHU-005700
1996,JHU-005752
1997,JHU-005908
1998,JHU-005730
1999,JHU-001167
2000,JHU-005929
2001,JHU-005746
2002,JHU-000425
2003,JHU-005753
2004,JHU-005743
2005,JHU-007509
2006,JHU-005857
2007,JHU-000337
2008,JHU-005723
2009,JHU-005944
2010,JHU-005771
2011,JHU-005951
2012,JHU-005869
2013,JHU-005953
2014,JHU-000165
2015,JHU-000182
2016,JHU-005800
2017,JHU-001104
2018,JHU-000628
2019,JHU-005862
2020,JHU-005774
2021,JHU-005993
2022,JHU-001425
2023,JHU-000395
2024,JHU-001097
2025,JHU-000178
2026,JHU-005865
2027,JHU-005867
2028,JHU-005997
2029,JHU-005803
2030,JHU-005732
2031,JHU-005748
2032,JHU-005756
2033,JHU-005733
2034,JHU-005728
2035,JHU-005769
2036,JHU-007527
2037,JHU-005814
2038,JHU-001543
2039,JHU-005889
2040,JHU-005778
2041,JHU-005704
2042,JHU-000164
2043,JHU-005792
2044,JHU-005822
2045,JHU-001100
2046,JHU-005910
2047,JHU-005697
2048,JHU-005749
2049,JHU-005823
2050,JHU-001175
2051,JHU-005694
2052,JHU-005761
2053,JHU-005875
2054,JHU-007504
2055,JHU-005696
2056,JHU-000524
2057,JHU-005909
2058,JHU-000186
2059,JHU-005718
2060,JHU-007528
2061,JHU-005840
2062,JHU-005729
2063,JHU-005783
2064,JHU-005914
2065,JHU-000255
2066,JHU-005930
2067,JHU-000426
2068,JHU-005984
2069,JHU-001438
2070,JHU-005760
2071,JHU-005797
2072,JHU-005871
2073,JHU-000424
2074,JHU-005766
2075,JHU-005928
2076,JHU-000187
2077,JHU-005711
2078,JHU-000179
2079,JHU-005926
2080,JHU-005902
2081,JHU-000523
2082,JHU-000181
2083,JHU-005888
2084,JHU-000640
2085,JHU-001416
2086,JHU-005820
2087,JHU-007493
2088,JHU-005940
2089,JHU-007518
2090,JHU-000172
2091,JHU-005948
2092,JHU-005802
2093,JHU-005798
2094,JHU-005789
2095,JHU-005784
2096,JHU-005801
2097,JHU-005767
2098,JHU-005737
2099,JHU-005872
2100,JHU-005725
2101,JHU-005924
2102,JHU-005790
2103,JHU-000336
2104,JHU-005699
2105,JHU-007506
2106,JHU-000417
2107,JHU-001084
2108,JHU-005788
2109,JHU-000411
2110,JHU-005836
2111,JHU-005949
2112,JHU-000167
2113,JHU-005957
2114,JHU-005759
2115,JHU-001559
2116,JHU-000405
2117,JHU-005943
2118,JHU-005793
2119,JHU-000423
2120,JHU-000639
2121,JHU-005874
2122,JHU-000419
2123,JHU-005826
2124,JHU-000203
2125,JHU-005912
2126,JHU-000188
2127,JHU-005805
2128,JHU-005758
2129,JHU-005786
2130,JHU-007510
2131,JHU-000629
2132,JHU-005842
2133,JHU-005861
2134,JHU-005776
2135,JHU-000334
2136,JHU-005864
2137,JHU-005937
2138,JHU-005913
2139,JHU-005821
2140,JHU-000170
2141,JHU-007494
2142,JHU-005887
2143,JHU-005768
2144,JHU-005796
2145,JHU-005713
2146,JHU-005941
2147,JHU-000630
2148,JHU-000422
2149,JHU-005936
2150,JHU-005811
2151,JHU-005933
2152,JHU-005921
2153,JHU-005815
2154,JHU-005885
2155,JHU-005992
2156,JHU-005794
2157,JHU-005901
2158,JHU-005744
2159,JHU-005754
2160,JHU-005709
2161,JHU-005886
2162,JHU-005775
2163,JHU-000335
2164,JHU-005954
2165,JHU-005782
2166,JHU-000415
2167,JHU-005923
2168,JHU-005945
2169,JHU-001294
2170,JHU-000427
2171,JHU-005829
2172,JHU-000500
2173,JHU-000169
2174,JHU-000327
2175,JHU-005917
2176,JHU-005942
2177,JHU-005261
2178,JHU-005739
2179,JHU-005804
2180,JHU-007523
2181,JHU-005734
2182,JHU-005726
2183,JHU-005900
2184,JHU-005835
2185,JHU-005799
2186,JHU-005813
2187,JHU-005927
2188,JHU-005762
2189,JHU-000414
2190,JHU-005707
2191,JHU-005925
2192,JHU-000416
2193,JHU-005695
2194,JHU-001356
2195,JHU-005860
2196,JHU-005710
2197,JHU-005807
2198,JHU-005968
2199,JHU-005907
2200,JHU-005859
2201,JHU-005858
2202,JHU-005698
2203,JHU-005903
2204,JHU-000641
2205,JHU-000413
2206,JHU-005935
2207,JHU-005932
2208,JHU-005735
2209,JHU-005741
2210,JHU-005717
2211,JHU-005742
2212,JHU-005906
2213,JHU-005765
2214,JHU-005764
2215,JHU-005870
2216,JHU-007519
2217,JHU-005740
2218,JHU-005863
2219,JHU-005750
2220,JHU-005703
2221,JHU-005922
2222,JHU-005738
2223,JHU-005747
2224,JHU-005736
2225,JHU-005828
2226,JHU-005702
2227,JHU-005716
2228,JHU-005715
2229,JHU-005824
2230,JHU-005720
2231,JHU-005866
2232,JHU-005731
2233,JHU-000420
2234,JHU-000171
2235,JHU-005809
2236,JHU-007522
2237,JHU-005712
2238,JHU-005939
2239,JHU-005787
2240,JHU-005719
2241,JHU-000205
2242,JHU-000328
2243,JHU-005795
2244,JHU-005721
2245,JHU-007526
2246,JHU-005955
2247,JHU-005722
2248,JHU-005873
2249,JHU-005911
2250,JHU-005727
2251,JHU-005706
2252,JHU-005965
2253,JHU-005905
2254,JHU-007525
2255,JHU-005845
2256,JHU-000256
2257,JHU-005938
2258,JHU-007505
2259,JHU-001542
2260,JHU-000638
2261,JHU-001478
2262,JHU-005808
2263,JHU-007508
2264,JHU-005827
2265,JHU-000383
2266,JHU-007524
2267,JHU-005819
2268,JHU-005841
2269,JHU-005958
2270,JHU-005947
2271,JHU-000421
2272,JHU-005714
2273,JHU-005705
2274,JHU-000180
2275,JHU-005785
2276,JHU-007495
2277,JHU-005934
2278,JHU-005806
2279,JHU-005950
2280,JHU-005781
2281,JHU-005780
2282,JHU-005701
2283,JHU-005838
2284,JHU-005779
2285,JHU-000412
2286,JHU-000319
2287,JHU-005755
2288,JHU-005904
2289,JHU-000330
2290,JHU-005791
2291,JHU-007521
2292,JHU-000418
2293,JHU-000386
2294,JHU-000315
2295,JHU-001225
2296,JHU-001228
2297,JHU-001318
2298,JHU-000316
2299,JHU-000314
2300,JHU-000313
2301,JHU-001045
2302,JHU-000241
2303,JHU-001025
2304,JHU-001268
2305,JHU-000185
2306,JHU-001222
2307,JHU-001128
2308,JHU-001265
2309,JHU-000184
2310,JHU-001226
2311,JHU-000272
2312,JHU-000332
2313,JHU-002451
2314,JHU-001145
2315,JHU-002453
2316,JHU-001284
2317,JHU-000204
2318,JHU-001101
2319,JHU-001197
2320,JHU-002419
2321,JHU-001337
2322,JHU-001125
2323,JHU-002462
2324,JHU-002467
2325,JHU-002468
2326,JHU-002461
2327,JHU-002463
2328,JHU-000329
2329,JHU-000333
2330,JHU-000326
2331,JHU-001140
2332,JHU-001234
2333,JHU-000388
2334,JHU-001295
2335,JHU-001107
2336,JHU-000325
2337,JHU-001136
2338,JHU-001147
2339,JHU-002469
2340,JHU-001083
2341,JHU-001034
2342,JHU-002452
2343,JHU-005349
2344,JHU-005348
2345,JHU-005350
2346,JHU-001507
2347,JHU-001517
2348,JHU-005325
2349,JHU-005324
2350,JHU-005319
2351,JHU-002118
2352,JHU-005326
2353,JHU-002117
2354,JHU-002116
2355,JHU-005320
2356,JHU-002119
2357,JHU-005323
2358,JHU-005301
2359,JHU-005308
2360,JHU-005303
2361,JHU-005307
2362,JHU-005305
2363,JHU-005304
2364,JHU-002115
2365,JHU-005306
2366,JHU-005309
2367,JHU-005302
2368,JHU-000521
2369,JHU-000478
2370,JHU-000442
2371,JHU-000366
2372,JHU-000367
2373,JHU-000451
2374,JHU-000362
2375,JHU-000357
2376,JHU-000444
2377,JHU-000440
2378,JHU-000450
2379,JHU-000441
2380,JHU-000473
2381,JHU-000363
2382,JHU-000449
2383,JHU-000477
2384,JHU-000364
2385,JHU-000361
2386,JHU-000445
2387,JHU-000479
2388,JHU-000365
2389,JHU-000474
2390,JHU-000475
2391,JHU-000476
2392,JHU-000525
2393,JHU-002271
2394,JHU-000532
2395,JHU-000531
2396,JHU-000527
2397,JHU-002189
2398,JHU-000299
2399,JHU-000208
2400,JHU-002270
2401,JHU-000528
2402,JHU-000301
2403,JHU-002272
2404,JHU-002274
2405,JHU-000526
2406,JHU-002276
2407,JHU-002273
2408,JHU-000529
2409,JHU-000530
2410,JHU-002275
2411,JHU-001078
2412,JHU-001504
2413,JHU-001370
2414,JHU-001064
2415,JHU-001466
2416,JHU-002067
2417,JHU-002410
2418,JHU-001939
2419,JHU-001005
2420,JHU-001021
2421,JHU-002063
2422,JHU-001006
2423,JHU-001009
2424,JHU-001033
2425,JHU-002411
2426,JHU-002413
2427,JHU-001052
2428,JHU-001452
2429,JHU-002065
2430,JHU-002412
2431,JHU-001018
2432,JHU-001938
2433,JHU-002062
2434,JHU-001458
2435,JHU-002064
2436,JHU-001454
2437,JHU-001468
2438,JHU-002061
2439,JHU-001451
2440,JHU-000650
2441,JHU-002066
2442,JHU-001057
2443,JHU-002149
2444,JHU-000240
2445,JHU-007619
2446,JHU-001540
2447,JHU-001153
2448,JHU-000198
2449,JHU-001169
2450,JHU-002143
2451,JHU-001093
2452,JHU-000230
2453,JHU-001008
2454,JHU-001053
2455,JHU-000238
2456,JHU-000376
2457,JHU-007618
2458,JHU-002147
2459,JHU-002148
2460,JHU-001426
2461,JHU-000229
2462,JHU-000227
2463,JHU-001158
2464,JHU-001038
2465,JHU-001002
2466,JHU-000293
2467,JHU-000237
2468,JHU-000298
2469,JHU-002008
2470,JHU-000226
2471,JHU-000201
2472,JHU-007624
2473,JHU-007623
2474,JHU-001496
2475,JHU-001274
2476,JHU-002009
2477,JHU-000197
2478,JHU-001102
2479,JHU-001477
2480,JHU-001519
2481,JHU-001375
2482,JHU-002146
2483,JHU-001556
2484,JHU-001460
2485,JHU-001148
2486,JHU-000228
2487,JHU-001049
2488,JHU-000209
2489,JHU-002145
2490,JHU-000202
2491,JHU-000196
2492,JHU-001172
2493,JHU-002007
2494,JHU-001149
2495,JHU-001030
2496,JHU-001495
2497,JHU-007622
2498,JHU-007617
2499,JHU-002004
2500,JHU-001476
2501,JHU-001007
2502,JHU-002142
2503,JHU-002001
2504,JHU-007616
2505,JHU-001044
2506,JHU-007621
2507,JHU-001500
2508,JHU-002003
2509,JHU-001244
2510,JHU-002005
2511,JHU-001171
2512,JHU-001353
2513,JHU-001524
2514,JHU-002002
2515,JHU-001287
2516,JHU-001157
2517,JHU-001520
2518,JHU-007620
2519,JHU-002150
2520,JHU-001110
2521,JHU-000294
2522,JHU-001544
2523,JHU-001023
2524,JHU-001071
2525,JHU-002006
2526,JHU-002144
2527,JHU-001472
2528,JHU-000239
2529,JHU-007615
2530,JHU-001261
2531,JHU-001332
2532,JHU-001942
2533,JHU-002020
2534,JHU-002080
2535,JHU-001970
2536,JHU-001973
2537,JHU-001952
2538,JHU-001951
2539,JHU-001975
2540,JHU-002023
2541,JHU-001962
2542,JHU-002082
2543,JHU-002017
2544,JHU-002016
2545,JHU-002086
2546,JHU-002029
2547,JHU-002024
2548,JHU-002025
2549,JHU-001978
2550,JHU-002022
2551,JHU-002030
2552,JHU-001988
2553,JHU-001985
2554,JHU-002028
2555,JHU-001953
2556,JHU-001955
2557,JHU-001965
2558,JHU-001979
2559,JHU-002079
2560,JHU-002081
2561,JHU-002027
2562,JHU-001969
2563,JHU-002077
2564,JHU-001966
2565,JHU-001983
2566,JHU-001943
2567,JHU-002088
2568,JHU-001940
2569,JHU-002085
2570,JHU-002015
2571,JHU-001946
2572,JHU-002019
2573,JHU-002026
2574,JHU-002018
2575,JHU-001944
2576,JHU-002083
2577,JHU-001948
2578,JHU-001960
2579,JHU-001977
2580,JHU-001986
2581,JHU-001945
2582,JHU-001961
2583,JHU-001968
2584,JHU-001963
2585,JHU-002076
2586,JHU-001987
2587,JHU-001941
2588,JHU-001950
2589,JHU-001957
2590,JHU-001958
2591,JHU-002078
2592,JHU-001949
2593,JHU-002084
2594,JHU-001972
2595,JHU-002021
2596,JHU-001964
2597,JHU-001974
2598,JHU-001976
2599,JHU-001971
2600,JHU-001981
2601,JHU-001959
2602,JHU-001984
2603,JHU-001967
2604,JHU-002087
2605,JHU-001947
2606,JHU-001980
2607,JHU-001956
2608,JHU-001982
2609,JHU-001954
2610,JHU-005275
2611,JHU-005274
2612,JHU-001129
2613,JHU-001133
2614,JHU-001075
2615,JHU-001055
2616,JHU-001081
2617,JHU-001134
2618,JHU-001371
2619,JHU-001116
2620,JHU-000651
2621,JHU-001114
2622,JHU-001306
2623,JHU-000654
2624,JHU-001161
2625,JHU-000297
2626,JHU-001409
2627,JHU-001139
2628,JHU-001229
2629,JHU-001388
2630,JHU-001150
2631,JHU-000296
2632,JHU-000653
2633,JHU-001422
2634,JHU-001357
2635,JHU-001527
2636,JHU-001111
2637,JHU-001281
2638,JHU-001321
2639,JHU-001138
2640,JHU-001391
2641,JHU-001120
2642,JHU-001113
2643,JHU-001123
2644,JHU-001086
2645,JHU-000652
2646,JHU-001248
2647,JHU-001212
2648,JHU-001164
2649,JHU-001532
2650,JHU-001317
2651,JHU-001012
2652,JHU-000258
2653,JHU-001058
2654,JHU-001019
2655,JHU-001112
2656,JHU-001010
2657,JHU-002481
2658,JHU-001051
2659,JHU-000496
2660,JHU-000493
2661,JHU-000490
2662,JHU-000353
2663,JHU-000480
2664,JHU-000485
2665,JHU-000455
2666,JHU-000488
2667,JHU-000341
2668,JHU-000487
2669,JHU-000352
2670,JHU-000483
2671,JHU-000452
2672,JHU-000481
2673,JHU-000351
2674,JHU-000492
2675,JHU-000495
2676,JHU-000454
2677,JHU-000484
2678,JHU-000489
2679,JHU-000462
2680,JHU-000494
2681,JHU-000482
2682,JHU-000497
2683,JHU-000461
2684,JHU-000486
2685,JHU-000453
2686,JHU-000340
2687,JHU-000498
2688,JHU-000499
2689,JHU-002031
2690,JHU-005328
2691,JHU-005327
2692,JHU-005330
2693,JHU-005329
2694,JHU-000430
2695,JHU-000429
